<?xml version="1.0" encoding="UTF-8"?>
<DEFECTS>
  <DEFECT>
    <SFA>
      <FILEPATH>D:\FWD-Embedded-Systems-Professional-Track-Payment-Application-Project-master\Payment Application\Application\</FILEPATH>
      <FILENAME>app.c</FILENAME>
      <LINE>42</LINE>
      <COLUMN>2</COLUMN>
    </SFA>
    <DEFECTCODE>6031</DEFECTCODE>
    <DESCRIPTION>Return value ignored: 'scanf'.</DESCRIPTION>
    <FUNCTION>appStart</FUNCTION>
    <DECORATED>appStart</DECORATED>
    <FUNCLINE>11</FUNCLINE>
    <PATH></PATH>
  </DEFECT>
  <DEFECT>
    <SFA>
      <FILEPATH>D:\FWD-Embedded-Systems-Professional-Track-Payment-Application-Project-master\Payment Application\Application\</FILEPATH>
      <FILENAME>app.c</FILENAME>
      <LINE>48</LINE>
      <COLUMN>3</COLUMN>
    </SFA>
    <DEFECTCODE>6031</DEFECTCODE>
    <DESCRIPTION>Return value ignored: 'scanf'.</DESCRIPTION>
    <FUNCTION>appStart</FUNCTION>
    <DECORATED>appStart</DECORATED>
    <FUNCLINE>11</FUNCLINE>
    <PATH></PATH>
  </DEFECT>
  <DEFECT>
    <SFA>
      <FILEPATH>D:\FWD-Embedded-Systems-Professional-Track-Payment-Application-Project-master\Payment Application\Application\</FILEPATH>
      <FILENAME>app.c</FILENAME>
      <LINE>54</LINE>
      <COLUMN>2</COLUMN>
    </SFA>
    <DEFECTCODE>6031</DEFECTCODE>
    <DESCRIPTION>Return value ignored: 'scanf'.</DESCRIPTION>
    <FUNCTION>appStart</FUNCTION>
    <DECORATED>appStart</DECORATED>
    <FUNCLINE>11</FUNCLINE>
    <PATH></PATH>
  </DEFECT>
</DEFECTS>