<?xml version="1.0" encoding="UTF-8"?>
<DEFECTS>
  <DEFECT>
    <SFA>
      <FILEPATH>D:\FWD-Embedded-Systems-Professional-Track-Payment-Application-Project-master\Payment Application\Card\</FILEPATH>
      <FILENAME>card.c</FILENAME>
      <LINE>13</LINE>
      <COLUMN>9</COLUMN>
    </SFA>
    <DEFECTCODE>6001</DEFECTCODE>
    <DESCRIPTION>Using uninitialized memory 'holder_name'.</DESCRIPTION>
    <FUNCTION>getCardHolderName</FUNCTION>
    <DECORATED>getCardHolderName</DECORATED>
    <FUNCLINE>6</FUNCLINE>
    <PROBABILITY>1</PROBABILITY>
    <RANK>3</RANK>
    <CATEGORY>
      <RULECATEGORY>mspft</RULECATEGORY>
    </CATEGORY>
    <PATH>
      <SFA>
        <FILEPATH>D:\FWD-Embedded-Systems-Professional-Track-Payment-Application-Project-master\Payment Application\Card\</FILEPATH>
        <FILENAME>card.c</FILENAME>
        <LINE>9</LINE>
        <COLUMN>9</COLUMN>
        <KEYEVENT>
          <ID>1</ID>
          <KIND>declaration</KIND>
          <IMPORTANCE>Essential</IMPORTANCE>
          <MESSAGE>'holder_name' is not initialized</MESSAGE>
        </KEYEVENT>
      </SFA>
      <SFA>
        <FILEPATH>D:\FWD-Embedded-Systems-Professional-Track-Payment-Application-Project-master\Payment Application\Card\</FILEPATH>
        <FILENAME>card.c</FILENAME>
        <LINE>10</LINE>
        <COLUMN>4</COLUMN>
      </SFA>
      <SFA>
        <FILEPATH>D:\FWD-Embedded-Systems-Professional-Track-Payment-Application-Project-master\Payment Application\Card\</FILEPATH>
        <FILENAME>card.c</FILENAME>
        <LINE>11</LINE>
        <COLUMN>4</COLUMN>
      </SFA>
      <SFA>
        <FILEPATH>D:\FWD-Embedded-Systems-Professional-Track-Payment-Application-Project-master\Payment Application\Card\</FILEPATH>
        <FILENAME>card.c</FILENAME>
        <LINE>13</LINE>
        <COLUMN>33</COLUMN>
        <KEYEVENT>
          <ID>2</ID>
          <KIND>usage</KIND>
          <IMPORTANCE>Full</IMPORTANCE>
          <MESSAGE>'holder_name' is an Input to 'strlen' (declared at c:\program files (x86)\windows kits\10\include\10.0.19041.0\ucrt\string.h:215)</MESSAGE>
        </KEYEVENT>
      </SFA>
      <SFA>
        <FILEPATH>D:\FWD-Embedded-Systems-Professional-Track-Payment-Application-Project-master\Payment Application\Card\</FILEPATH>
        <FILENAME>card.c</FILENAME>
        <LINE>13</LINE>
        <COLUMN>9</COLUMN>
        <KEYEVENT>
          <ID>3</ID>
          <KIND>usage</KIND>
          <IMPORTANCE>Essential</IMPORTANCE>
          <MESSAGE>'holder_name' is used, but may not have been initialized</MESSAGE>
        </KEYEVENT>
      </SFA>
    </PATH>
  </DEFECT>
</DEFECTS>