<?xml version="1.0" encoding="UTF-8"?>
<DEFECTS>
  <DEFECT>
    <SFA>
      <FILEPATH>D:\FWD-Embedded-Systems-Professional-Track-Payment-Application-Project-master\Payment Application\Terminal\</FILEPATH>
      <FILENAME>terminal.c</FILENAME>
      <LINE>48</LINE>
      <COLUMN>1</COLUMN>
    </SFA>
    <DEFECTCODE>6031</DEFECTCODE>
    <DESCRIPTION>Return value ignored: 'scanf'.</DESCRIPTION>
    <FUNCTION>getTransactionAmount</FUNCTION>
    <DECORATED>getTransactionAmount</DECORATED>
    <FUNCLINE>45</FUNCLINE>
    <PATH></PATH>
  </DEFECT>
</DEFECTS>